[{"assetType":"PolicyAction","assetObject":{"name":"Policy Action [Enable HTTP / HTTPS] -> Policy For API CoreBankBalanceInquiryCASA[1.0]","id":"9233a97d-cdda-4d4b-ad18-ad5d7f4c48c1","status":"Success","explanation":"OK"}},{"assetType":"Alias","assetObject":{"name":"APIGatewayUser","id":"0dc4a2f5-220c-43a1-801f-b16d9eff83dc","status":"Success","explanation":"OK"}},{"assetType":"PolicyAction","assetObject":{"name":"Policy Action [Straight Through Routing] -> Policy For API CoreBankBalanceInquiryCASA[1.0]","id":"e36537ef-9418-4552-8b0b-b7ca2aa8abb6","status":"Success","explanation":"OK"}},{"assetType":"Policy","assetObject":{"name":"Policy For API CoreBankBalanceInquiryCASA[1.0]","id":"e4eecbca-2b1f-464b-9fdb-1223026afb54","status":"Success","explanation":"OK"}},{"assetType":"PolicyAction","assetObject":{"name":"Policy Action [Outbound Authentication - Transport] -> Policy For API CoreBankBalanceInquiryCASA[1.0]","id":"95acff60-a6c9-4da8-b7d6-c3b163473ece","status":"Success","explanation":"OK"}},{"assetType":"API","assetObject":{"name":"CoreBankBalanceInquiryCASA[1.0]","id":"673b8a8f-1f5f-4d30-98c5-910facd12f01","status":"Success","explanation":"OK"}},{"assetType":"PassmanData","assetObject":{"name":"HTTP_AUTH_OUTBOUND_CLIENT_PWDAPIGatewayUser","id":"HTTP_AUTH_OUTBOUND_CLIENT_PWDAPIGatewayUser","status":"Success","explanation":"OK"}},{"assetType":"PolicyAction","assetObject":{"name":"Policy Action [Identify & Authorize Application] -> Policy For API CoreBankBalanceInquiryCASA[1.0]","id":"3668f5e2-9f7f-4f55-8025-8fcf7a8c651f","status":"Success","explanation":"OK"}},{"assetType":"Alias","assetObject":{"name":"CoreBank_Host","id":"4275954f-2f00-4fe5-a8fd-5f74f0f2ad7d","status":"Success","explanation":"OK"}}]