[{"assetType":"Alias","assetObject":{"name":"wmiointdomain","id":"f9a815f7-b4f3-4ae8-9524-2d04ea4d9263","status":"Success","explanation":"OK","warning":false}},{"assetType":"Alias","assetObject":{"name":"wmioapigwdomain","id":"2d2ba787-cda2-4b87-b2de-96f8fa34563e","status":"Success","explanation":"OK","warning":false}},{"assetType":"PolicyAction","assetObject":{"name":"Policy Action [Enable HTTP / HTTPS] -> Policy For API mdt_diabetes_viewdocument_api[1.0]","id":"de5266b3-19e4-475f-af18-01bc6228a7f0","status":"Success","explanation":"OK","warning":false}},{"assetType":"PassmanData","assetObject":{"name":"HTTP_AUTH_OUTBOUND_CLIENT_PWDwmiointcredentials","id":"HTTP_AUTH_OUTBOUND_CLIENT_PWDwmiointcredentials","status":"Success","explanation":"OK","warning":false}},{"assetType":"PolicyAction","assetObject":{"name":"Policy Action [Conditional Error Processing] -> Policy For API mdt_diabetes_viewdocument_api[1.0]","id":"51871b01-72f6-4883-901e-700616f7d030","status":"Success","explanation":"OK","warning":false}},{"assetType":"RegisteredApplication","assetObject":{"name":"RegisteredApplication [ EmptyRegisteredApplication ]","id":"EmptyRegisteredApplication","status":"Success","explanation":"OK","warning":false}},{"assetType":"PolicyAction","assetObject":{"name":"Policy Action [Outbound Auth - Transport] -> Policy For API mdt_diabetes_viewdocument_api[1.0]","id":"60587f1b-2ddf-4f31-9639-ede38b4459cb","status":"Success","explanation":"OK","warning":false}},{"assetType":"Alias","assetObject":{"name":"stage","id":"dc7a2ef8-de1e-4dec-8f04-154d2126182b","status":"Success","explanation":"OK","warning":false}},{"assetType":"API","assetObject":{"name":"mdt_diabetes_viewdocument_api[1.0]","id":"8680c139-34a9-447e-8dda-b62fc150bf72","status":"Success","explanation":"OK","warning":false}},{"assetType":"Alias","assetObject":{"name":"mdt_diabetes_viewDocument_projectid","id":"5bc5498e-940e-4e69-b0ac-57627ebb1892","status":"Success","explanation":"OK","warning":false}},{"assetType":"PolicyAction","assetObject":{"name":"Policy Action [Conditional Routing] -> Policy For API mdt_diabetes_viewdocument_api[1.0]","id":"22657d3c-ed76-4506-aaaf-da2c3e18fcc2","status":"Success","explanation":"OK","warning":false}},{"assetType":"PolicyAction","assetObject":{"name":"Policy Action [Response Transformation] -> Policy For API mdt_diabetes_viewdocument_api[1.0]","id":"9d0d4c84-c515-40dd-a1db-219742c0701f","status":"Success","explanation":"OK","warning":false}},{"assetType":"PolicyAction","assetObject":{"name":"Policy Action [Response Transformation] -> Policy For API mdt_diabetes_viewdocument_api[1.0]","id":"ec763315-b9d3-4407-a001-6746071a4f7e","status":"Success","explanation":"OK","warning":false}},{"assetType":"PolicyAction","assetObject":{"name":"Policy Action [Identify & Authorize] -> Policy For API mdt_diabetes_viewdocument_api[1.0]","id":"0b67e0a3-ab8c-41c0-bced-ab9bcccb9c10","status":"Success","explanation":"OK","warning":false}},{"assetType":"Alias","assetObject":{"name":"wmiointcredentials","id":"c853bcd4-4384-48fe-bf5b-1ad44ce981c8","status":"Success","explanation":"OK","warning":false}},{"assetType":"Policy","assetObject":{"name":"Policy For API mdt_diabetes_viewdocument_api[1.0]","id":"1749ba09-64ca-465e-a30a-ffc4596b689e","status":"Success","explanation":"OK","warning":false}}]