[{"assetType":"Policy","assetObject":{"name":"Policy For API mdt_legacy_slink_api[1.0]","id":"69e5db58-6e89-477c-a815-e15acb06c82d","status":"Success","explanation":"OK","warning":false}},{"assetType":"PolicyAction","assetObject":{"name":"Policy Action [Outbound Auth - Transport] -> Policy For API mdt_legacy_slink_api[1.0]","id":"1fec4cb4-d53b-4246-9102-3a2cec1ec9ef","status":"Success","explanation":"OK","warning":false}},{"assetType":"PassmanData","assetObject":{"name":"API_ACCESS_KEY61a0ca4b-804d-4063-9698-92d5a9095692","id":"API_ACCESS_KEY61a0ca4b-804d-4063-9698-92d5a9095692","status":"Success","explanation":"OK","warning":false}},{"assetType":"PolicyAction","assetObject":{"name":"Policy Action [Enable HTTP / HTTPS] -> Policy For API mdt_legacy_slink_api[1.0]","id":"54771f8e-e778-45f7-9275-80a1e3ea788a","status":"Success","explanation":"OK","warning":false}},{"assetType":"PolicyAction","assetObject":{"name":"Policy Action [Identify & Authorize] -> Policy For API mdt_legacy_slink_api[1.0]","id":"14505a0b-96b4-468c-af93-659c280d6ab3","status":"Success","explanation":"OK","warning":false}},{"assetType":"Strategy","assetObject":{"name":"default_aud","id":"b4036e95-8c60-4d8a-85e2-bc448120c3e0","status":"Success","explanation":"OK","warning":false}},{"assetType":"PolicyAction","assetObject":{"name":"Policy Action [Response Transformation] -> Policy For API mdt_legacy_slink_api[1.0]","id":"ab2ed5c3-d47b-4016-a07b-0d1b512ceb83","status":"Success","explanation":"OK","warning":false}},{"assetType":"Alias","assetObject":{"name":"wmioapigwdomain","id":"2d2ba787-cda2-4b87-b2de-96f8fa34563e","status":"Success","explanation":"OK","warning":false}},{"assetType":"Application","assetObject":{"name":"Mdt_AzAD_Common","id":"61a0ca4b-804d-4063-9698-92d5a9095692","status":"Success","explanation":"OK","warning":false}},{"assetType":"API","assetObject":{"name":"mdt_legacy_slink_api[1.0]","id":"cd60c1aa-e9bf-4d70-9644-4b26389d19cf","status":"Success","explanation":"OK","warning":false}},{"assetType":"PolicyAction","assetObject":{"name":"Policy Action [Request Transformation] -> Policy For API mdt_legacy_slink_api[1.0]","id":"cdce6066-8e9c-44ac-b4dd-e8cf59be5d43","status":"Success","explanation":"OK","warning":false}},{"assetType":"PassmanData","assetObject":{"name":"HTTP_AUTH_OUTBOUND_CLIENT_PWDwmiointcredentials","id":"HTTP_AUTH_OUTBOUND_CLIENT_PWDwmiointcredentials","status":"Success","explanation":"OK","warning":false}},{"assetType":"PolicyAction","assetObject":{"name":"Policy Action [Conditional Error Processing] -> Policy For API mdt_legacy_slink_api[1.0]","id":"f02cbf63-475f-4e91-ac86-e3a94773be38","status":"Success","explanation":"OK","warning":false}},{"assetType":"Alias","assetObject":{"name":"wmiointcredentials","id":"c853bcd4-4384-48fe-bf5b-1ad44ce981c8","status":"Success","explanation":"OK","warning":false}},{"assetType":"RegisteredApplication","assetObject":{"name":"RegisteredApplication [ Mdt_AzAD_Common ]","id":"61a0ca4b-804d-4063-9698-92d5a9095692","status":"Success","explanation":"OK","warning":false}},{"assetType":"Alias","assetObject":{"name":"mdt_legacy_slink","id":"8c7620ab-1202-4879-a6b0-4275a2bcca34","status":"Success","explanation":"OK","warning":false}},{"assetType":"PolicyAction","assetObject":{"name":"Policy Action [Conditional Routing] -> Policy For API mdt_legacy_slink_api[1.0]","id":"080d992c-4ce6-4cd3-b87f-2107db2b311c","status":"Success","explanation":"OK","warning":false}}]