[{"assetType":"RegisteredApplication","assetObject":{"name":"RegisteredApplication [ TestApplication ]","id":"a214bfeb-0d15-4c84-8489-fcfbb066b362","status":"Success","explanation":"OK","warning":false}},{"assetType":"PolicyAction","assetObject":{"name":"Policy Action [Outbound Auth - Transport] -> Policy For API mdt_diabetes_documents_api[1.0]","id":"173cff35-5dd5-468f-8368-8a1d0085ed57","status":"Success","explanation":"OK","warning":false}},{"assetType":"API","assetObject":{"name":"mdt_diabetes_documents_api[1.0]","id":"c7e7c77f-8cba-4306-85f0-c6d35d925637","status":"Success","explanation":"OK","warning":false}},{"assetType":"PolicyAction","assetObject":{"name":"Policy Action [Conditional Routing] -> Policy For API mdt_diabetes_documents_api[1.0]","id":"18907462-a66b-406b-8362-69587981a5c1","status":"Success","explanation":"OK","warning":false}},{"assetType":"Alias","assetObject":{"name":"mdt_diabetes_documents","id":"8fa07345-0b31-4fc2-b616-6f9fd6f5d624","status":"Success","explanation":"OK","warning":false}},{"assetType":"PolicyAction","assetObject":{"name":"Policy Action [Response Transformation] -> Policy For API mdt_diabetes_documents_api[1.0]","id":"979966fe-6a61-460a-a7db-7160fae9e21f","status":"Success","explanation":"OK","warning":false}},{"assetType":"PassmanData","assetObject":{"name":"API_ACCESS_KEYa214bfeb-0d15-4c84-8489-fcfbb066b362","id":"API_ACCESS_KEYa214bfeb-0d15-4c84-8489-fcfbb066b362","status":"Success","explanation":"OK","warning":false}},{"assetType":"PolicyAction","assetObject":{"name":"Policy Action [Identify & Authorize] -> Policy For API mdt_diabetes_documents_api[1.0]","id":"19537aa5-5019-4755-bc07-ccff3b386e8a","status":"Success","explanation":"OK","warning":false}},{"assetType":"Application","assetObject":{"name":"TestApplication","id":"a214bfeb-0d15-4c84-8489-fcfbb066b362","status":"Success","explanation":"OK","warning":false}},{"assetType":"Alias","assetObject":{"name":"wmioapigwdomain","id":"2d2ba787-cda2-4b87-b2de-96f8fa34563e","status":"Success","explanation":"OK","warning":false}},{"assetType":"Alias","assetObject":{"name":"wmiointcredentials","id":"c853bcd4-4384-48fe-bf5b-1ad44ce981c8","status":"Success","explanation":"OK","warning":false}},{"assetType":"Policy","assetObject":{"name":"Policy For API mdt_diabetes_documents_api[1.0]","id":"1e455979-8101-4457-a2b0-5d2621b8b667","status":"Success","explanation":"OK","warning":false}},{"assetType":"PolicyAction","assetObject":{"name":"Policy Action [Enable HTTP / HTTPS] -> Policy For API mdt_diabetes_documents_api[1.0]","id":"2d18396b-4958-4eb7-93f5-4bc7a2cef39b","status":"Success","explanation":"OK","warning":false}},{"assetType":"PassmanData","assetObject":{"name":"HTTP_AUTH_OUTBOUND_CLIENT_PWDwmiointcredentials","id":"HTTP_AUTH_OUTBOUND_CLIENT_PWDwmiointcredentials","status":"Success","explanation":"OK","warning":false}},{"assetType":"PolicyAction","assetObject":{"name":"Policy Action [Conditional Error Processing] -> Policy For API mdt_diabetes_documents_api[1.0]","id":"5e494893-05f7-4314-8b8e-991568cc6c6c","status":"Success","explanation":"OK","warning":false}}]