[{"assetType":"Alias","assetObject":{"name":"ISServer","id":"7624ebb4-af83-40f3-bfd0-f23b541f3569","status":"Success","explanation":"OK","warning":false}},{"assetType":"Policy","assetObject":{"name":"Policy For API CEFCommClearErrorAPI[1.0]","id":"d2353e18-5bfb-4d4f-9dc9-ea8c34cfd2c8","status":"Success","explanation":"OK","warning":false}},{"assetType":"PolicyAction","assetObject":{"name":"Policy Action [Straight Through Routing] -> Policy For API CEFCommClearErrorAPI[1.0]","id":"12c1c7b0-2e1c-48b5-82dc-c34a3bf9bffd","status":"Success","explanation":"OK","warning":false}},{"assetType":"Strategy","assetObject":{"name":"OAuthClient2","id":"93a01f61-c516-42e0-9477-c2f2ffc61e03","status":"Success","explanation":"OK","warning":false}},{"assetType":"API","assetObject":{"name":"CEFCommClearErrorAPI[1.0]","id":"976addbb-2acd-476e-a34d-6d47eee193c5","status":"Success","explanation":"OK","warning":false}},{"assetType":"Strategy","assetObject":{"name":"OAuthClient1","id":"0fecd6fd-d503-4790-82f8-be3354fb8309","status":"Success","explanation":"OK","warning":false}},{"assetType":"PolicyAction","assetObject":{"name":"Policy Action [Enable HTTP / HTTPS] -> Policy For API CEFCommClearErrorAPI[1.0]","id":"6d1e09d1-a660-4883-9266-c161209778bd","status":"Success","explanation":"OK","warning":false}},{"assetType":"RegisteredApplication","assetObject":{"name":"RegisteredApplication [ CEFChannelApplication ]","id":"dfe6264f-f2bb-4c0f-a425-b1cfc7036054","status":"Success","explanation":"OK","warning":false}},{"assetType":"Application","assetObject":{"name":"CEFChannelApplication","id":"dfe6264f-f2bb-4c0f-a425-b1cfc7036054","status":"Success","explanation":"OK","warning":false}},{"assetType":"PassmanData","assetObject":{"name":"API_ACCESS_KEYdfe6264f-f2bb-4c0f-a425-b1cfc7036054","id":"API_ACCESS_KEYdfe6264f-f2bb-4c0f-a425-b1cfc7036054","status":"Success","explanation":"OK","warning":false}}]