[{"assetType":"PassmanData","assetObject":{"name":"HTTP_AUTH_OUTBOUND_CLIENT_PWDwmiointcredentials","id":"HTTP_AUTH_OUTBOUND_CLIENT_PWDwmiointcredentials","status":"Success","explanation":"OK","warning":false}},{"assetType":"PolicyAction","assetObject":{"name":"Policy Action [Conditional Routing] -> Policy For API mdt_dtrak_verintem_api[v1.0]","id":"dd1c467c-bbba-4a07-ae3c-ec5a034a5a6f","status":"Success","explanation":"OK","warning":false}},{"assetType":"RegisteredApplication","assetObject":{"name":"RegisteredApplication [ EmptyRegisteredApplication ]","id":"EmptyRegisteredApplication","status":"Success","explanation":"OK","warning":false}},{"assetType":"Alias","assetObject":{"name":"wmiointdomain","id":"f9a815f7-b4f3-4ae8-9524-2d04ea4d9263","status":"Success","explanation":"OK","warning":false}},{"assetType":"PolicyAction","assetObject":{"name":"Policy Action [Enable HTTP / HTTPS] -> Policy For API mdt_dtrak_verintem_api[v1.0]","id":"c1821964-2e82-45d6-ad75-009bf29b0cc8","status":"Success","explanation":"OK","warning":false}},{"assetType":"API","assetObject":{"name":"mdt_dtrak_verintem_api[v1.0]","id":"73f39f2c-61db-4e7d-a4f1-187ff704ec37","status":"Success","explanation":"OK","warning":false}},{"assetType":"Alias","assetObject":{"name":"wmioapigwdomain","id":"2d2ba787-cda2-4b87-b2de-96f8fa34563e","status":"Success","explanation":"OK","warning":false}},{"assetType":"Alias","assetObject":{"name":"stage","id":"dc7a2ef8-de1e-4dec-8f04-154d2126182b","status":"Success","explanation":"OK","warning":false}},{"assetType":"Alias","assetObject":{"name":"mdt_dtrak_verintem_projectid","id":"859d1c33-37ea-4e6f-8878-df3082ff2d63","status":"Success","explanation":"OK","warning":false}},{"assetType":"PolicyAction","assetObject":{"name":"Policy Action [Conditional Error Processing] -> Policy For API mdt_dtrak_verintem_api[v1.0]","id":"a4877de8-30eb-41f3-a16e-0e47d8816bad","status":"Success","explanation":"OK","warning":false}},{"assetType":"PolicyAction","assetObject":{"name":"Policy Action [Request Transformation] -> Policy For API mdt_dtrak_verintem_api[v1.0]","id":"e1ccbe16-aa95-4a3c-b79a-39d0de1631c3","status":"Success","explanation":"OK","warning":false}},{"assetType":"PolicyAction","assetObject":{"name":"Policy Action [Conditional Error Processing] -> Policy For API mdt_dtrak_verintem_api[v1.0]","id":"fb6e8d4b-a659-4471-a970-a38f395dc955","status":"Success","explanation":"OK","warning":false}},{"assetType":"PolicyAction","assetObject":{"name":"Policy Action [Response Transformation] -> Policy For API mdt_dtrak_verintem_api[v1.0]","id":"2151ab6c-074d-4a65-b746-40f333220dc1","status":"Success","explanation":"OK","warning":false}},{"assetType":"PolicyAction","assetObject":{"name":"Policy Action [Outbound Auth - Transport] -> Policy For API mdt_dtrak_verintem_api[v1.0]","id":"d9183a96-679e-4b72-bc63-d07ea58818de","status":"Success","explanation":"OK","warning":false}},{"assetType":"Alias","assetObject":{"name":"wmiointcredentials","id":"c853bcd4-4384-48fe-bf5b-1ad44ce981c8","status":"Success","explanation":"OK","warning":false}},{"assetType":"Policy","assetObject":{"name":"Policy For API mdt_dtrak_verintem_api[v1.0]","id":"69fae887-126a-4068-9370-811206541d3a","status":"Success","explanation":"OK","warning":false}}]